__mclCluster	name	MAA
-1	SUPT3H	-1
445.0	TRRAP	0.0
192.0	USO1	0.0
188.0	STXBP1	0.0
16.0	HDAC2	0.104247104247
16.0	PHF21A	0.104247104247
565.0	NFE2L2	0.0
565.0	MAFF	0.0
191.0	SRPK1	0.0
191.0	SRSF6	0.0
564.0	HMGN1	0.547297297297
564.0	RPS6KA3	0.547297297297
81.0	TGFBI	0.182432432432
81.0	COL1A1	0.182432432432
196.0	ERCC3	0.0
100.0	CCNH	0.356313344595
563.0	PTGES3	0.0
563.0	AIP	0.0
29.0	CCT3	0.0
29.0	CCT4	0.0
157.0	CYBB	0.0
157.0	CYBA	0.0
4.0	USP14	0.0
4.0	PSMC3	0.0
562.0	BBS7	0.0
562.0	BBS2	0.0
153.0	LYN	0.0
58.0	PLCG1	0.356313344595
441.0	QARS	0.0
35.0	MARS	0.0
94.0	BAD	0.410472972973
94.0	MCL1	0.410472972973
43.0	POLR2H	0.0
43.0	POLR3H	0.0
561.0	GNG13	0.0
561.0	GNB4	0.0
70.0	PSMD6	0.0
-1	PSMD2	-1
1.0	MYC	0.508083823188
1.0	GCN1	0.508083823188
61.0	RTF1	0.0
61.0	CTR9	0.0
155.0	PDGFRB	0.675675675676
155.0	PTPRJ	0.675675675676
71.0	PTPN6	0.0
549.0	LCP2	0.0
560.0	TBK1	0.0
560.0	OPTN	0.0
559.0	EFNB2	0.547297297297
559.0	EPHB4	0.547297297297
4.0	PSMD11	0.0
455.0	PSMC5	0.0
558.0	CCL1	0.547297297297
558.0	CCR1	0.547297297297
9.0	NCOR1	0.0900900900901
9.0	NCOR2	0.0900900900901
80.0	RUVBL1	0.467483108108
1.0	EP400	0.508083823188
557.0	CAMLG	0.0
557.0	TNFRSF13B	0.0
11.0	PSMA7	0.0
11.0	PSMB2	0.0
44.0	RNF103	0.0
44.0	UBE2N	0.0
97.0	GNAQ	0.0
97.0	PLCB1	0.0
49.0	DTX1	0.175135135135
49.0	NOTCH1	0.175135135135
-1	CDC25C	-1
418.0	YWHAE	0.0
23.0	EP300	0.263513513514
19.0	HDAC1	0.259857942074
197.0	ANXA11	0.0
197.0	ALG2	0.0
76.0	CCNY	0.0
76.0	YWHAG	0.0
4.0	PSMD12	0.0
4.0	PSMD7	0.0
556.0	RHOG	0.0
556.0	VAV2	0.0
30.0	PSMA3	0.0
11.0	PSMB3	0.0
337.0	NFKBIA	0.0
341.0	RPS6KA1	0.547297297297
178.0	VHL	0.324324324324
159.0	NEDD8	0.0
284.0	TELO2	0.0
279.0	ATM	0.364864864865
36.0	TOM1L1	0.0
36.0	CLTC	0.0
49.0	LFNG	0.175135135135
420.0	AFF4	0.0
282.0	CDK9	0.0
555.0	APLF	0.0
555.0	XRCC4	0.0
554.0	MTA1	0.364864864865
554.0	RBBP7	0.364864864865
17.0	CUL1	0.177840957516
17.0	FBXO7	0.177840957516
196.0	GTF2H1	0.0
12.0	POLR2A	0.0
4.0	PSMD8	0.0
553.0	OSMR	0.547297297297
553.0	OSM	0.547297297297
200.0	TUBB	0.0
200.0	HDAC6	0.0
169.0	PRPF19	0.0
169.0	CDC5L	0.0
552.0	BIRC2	0.0
552.0	RIPK1	0.0
18.0	RNF115	0.23228206696
18.0	UBE2D2	0.23228206696
10.0	EIF3B	0.152568358635
10.0	EIF3E	0.152568358635
120.0	BARD1	0.0
120.0	CSTF2	0.0
10.0	EIF3L	0.152568358635
10.0	EIF3F	0.152568358635
551.0	SKP1	0.0
551.0	KDM2B	0.0
550.0	CTSG	0.0
550.0	PPBP	0.0
363.0	PSEN1	0.0
290.0	APBA1	0.0
90.0	SMC4	0.0
262.0	NCAPH	0.0
102.0	ACTA1	0.0
102.0	CNN1	0.0
4.0	PSMC1	0.0
98.0	TCEB2	0.0
98.0	CUL5	0.0
83.0	EIF2S2	0.0
83.0	EIF2B4	0.0
10.0	EIF3C	0.152568358635
68.0	ZNF76	0.0
68.0	TBP	0.0
96.0	TAF7	0.0
96.0	TAF5	0.0
25.0	STK4	0.0
25.0	STK3	0.0
95.0	SIVA1	0.228040540541
95.0	BCL2L1	0.228040540541
19.0	DDX5	0.259857942074
100.0	MNAT1	0.356313344595
100.0	GTF2H3	0.356313344595
108.0	KEAP1	0.0
478.0	SQSTM1	0.0
280.0	BBS9	0.0
-1	XIAP	-1
85.0	HAT1	0.0
85.0	HIST1H3A	0.0
549.0	LAT	0.0
19.0	MXD1	0.259857942074
354.0	CSNK1A1	0.0
15.0	MDM2	0.0
2.0	RPS16	0.0
2.0	RPS3	0.0
34.0	H2AFX	0.0
34.0	SUPT16H	0.0
-1	PRKCD	-1
119.0	SHC1	0.243243243243
74.0	MAPK1	0.538745777027
548.0	MSX2	0.0
548.0	MAGED1	0.0
470.0	PSMD13	0.0
49.0	MFNG	0.175135135135
184.0	TCERG1	0.0
184.0	SF3B3	0.0
547.0	LIN9	0.0
547.0	E2F4	0.0
546.0	DEPTOR	0.0
546.0	MTOR	0.0
545.0	DYRK1A	0.0
545.0	DCAF7	0.0
135.0	VBP1	0.0
135.0	PFDN4	0.0
11.0	PSMB4	0.0
20.0	TRAF6	0.0
183.0	HDAC4	0.756756756757
147.0	UBE2I	0.324324324324
544.0	GRIP1	0.0
544.0	GRIA2	0.0
-1	APC	-1
177.0	CTNNA1	0.324324324324
14.0	CBL	0.23228206696
14.0	MST1R	0.23228206696
195.0	ERBB4	1.0
195.0	WWOX	1.0
6.0	MED14	0.0
6.0	CDK8	0.0
435.0	ARPC5L	0.0
-1	ARPC2	-1
11.0	PSMB6	0.0
11.0	PSMA4	0.0
543.0	MAD1L1	0.0
543.0	SIN3B	0.0
42.0	SERPINA5	0.0
42.0	F2	0.0
115.0	MCM4	0.432432432432
5.0	CDK2	0.357490777451
148.0	THBD	0.0
148.0	PROC	0.0
121.0	SH3GL2	0.0
121.0	AMPH	0.0
-1	COL1A2	-1
136.0	HSPA4	0.0
63.0	EGFR	0.467483108108
202.0	DMD	0.0
202.0	PGM5	0.0
168.0	PELP1	0.243243243243
168.0	SENP3	0.243243243243
511.0	SMARCB1	0.0
203.0	SMARCD1	0.0
99.0	MAD2L1	0.0
99.0	ANAPC2	0.0
66.0	PPP6R3	0.0
66.0	PPP6C	0.0
424.0	PIK3CA	0.0
-1	IRS1	-1
542.0	EIF4G1	0.0
542.0	G3BP1	0.0
3.0	DDB1	0.0
3.0	DCAF12	0.0
203.0	SMARCC2	0.0
203.0	SMARCE1	0.0
541.0	SCG5	0.0
541.0	PCSK2	0.0
1.0	SKP2	0.508083823188
24.0	STK24	0.0
24.0	STRN3	0.0
379.0	FBXW11	0.0
301.0	CTNNB1	0.364864864865
79.0	MRPL36	0.228040540541
79.0	BRCA1	0.228040540541
48.0	CDC42	0.0
48.0	PRKCI	0.0
540.0	CYFIP2	0.0
540.0	WASF1	0.0
83.0	EIF2B5	0.0
56.0	NR0B2	0.228040540541
162.0	MAP3K7	0.243243243243
162.0	NOD2	0.243243243243
13.0	TCEB1	0.0
13.0	FEM1B	0.0
-1	COPB1	-1
201.0	COPE	0.243243243243
170.0	RPLP1	0.0
170.0	RPLP0	0.0
125.0	JAM3	0.0
125.0	F2RL2	0.0
472.0	MED1	0.0
6.0	MED25	0.0
539.0	STAT5A	0.364864864865
539.0	TSLP	0.364864864865
101.0	TFDP2	0.228040540541
101.0	E2F3	0.228040540541
22.0	KPNA6	0.193130630631
22.0	KPNB1	0.193130630631
165.0	ULK1	0.0
165.0	ATG13	0.0
538.0	SNRPB2	0.0
538.0	SMN1	0.0
537.0	SUPT5H	0.0
537.0	CCNT1	0.0
57.0	DCTN2	0.0
57.0	ACTR1A	0.0
536.0	TGOLN2	0.0
536.0	AP1M2	0.0
-1	BIRC3	-1
232.0	UBE2D3	0.0
535.0	ORC1	0.0
535.0	ORC4	0.0
56.0	RARA	0.228040540541
44.0	OTUB1	0.0
9.0	IKZF3	0.0900900900901
9.0	SIN3A	0.0900900900901
534.0	F13A1	0.547297297297
534.0	FGG	0.547297297297
533.0	GUCA2A	0.0
533.0	GUCY2C	0.0
161.0	BAX	0.243243243243
161.0	BCL2L11	0.243243243243
199.0	IL20	0.0
199.0	IL20RA	0.0
532.0	XRCC3	0.0
532.0	FANCG	0.0
198.0	MID1	0.0
198.0	UBE2E2	0.0
134.0	MBD3	0.0
-1	KDM1A	-1
531.0	TMPO	0.0
531.0	BANF1	0.0
11.0	PSMB5	0.0
530.0	POLR2G	0.0
530.0	POLR2J	0.0
201.0	COPG1	0.243243243243
88.0	TAF10	0.0
88.0	TAF8	0.0
99.0	CDC20	0.0
2.0	RPS29	0.0
16.0	CHD3	0.104247104247
512.0	UBE2D1	0.0
529.0	XPC	0.0
529.0	RAD23A	0.0
528.0	XRCC2	0.0
528.0	RAD51C	0.0
1.0	ACTL6A	0.508083823188
1.0	KAT5	0.508083823188
61.0	PAF1	0.0
527.0	RPS12	0.0
527.0	RPS26	0.0
329.0	HDAC3	0.0
19.0	CCND1	0.259857942074
30.0	PSMA2	0.0
30.0	PSMB8	0.0
41.0	RB1	0.531243243243
41.0	CCND3	0.531243243243
187.0	SRCAP	0.0
187.0	DMAP1	0.0
26.0	DDX39B	0.0
26.0	THOC2	0.0
11.0	PSMA5	0.0
526.0	TNFRSF11B	0.912162162162
526.0	TNFSF10	0.912162162162
222.0	INSR	0.0
503.0	RNF7	0.0
525.0	PDK1	0.0
525.0	PDHA1	0.0
524.0	SEPT7	0.0
524.0	SEPT2	0.0
38.0	SF3A2	0.0
38.0	SF3B2	0.0
523.0	COL5A3	0.0
523.0	COL5A1	0.0
522.0	PXN	0.0
522.0	PTPN11	0.0
1.0	CDKN1A	0.508083823188
118.0	COPS3	0.0
164.0	CDK1	0.0
164.0	USP16	0.0
11.0	PSMB1	0.0
139.0	RBBP4	0.324324324324
182.0	BRCC3	0.0
182.0	FAM175A	0.0
451.0	RXFP1	0.0
242.0	RLN2	0.364864864865
111.0	RING1	0.243243243243
111.0	PCGF1	0.243243243243
521.0	PARD6A	0.0
521.0	LLGL2	0.0
108.0	TSC22D4	0.0
84.0	BCR	0.285050675676
84.0	JAK2	0.285050675676
520.0	TRAPPC8	0.0
520.0	TRAPPC3	0.0
64.0	GNB1	0.0
29.0	CCT6A	0.0
159.0	RPL11	0.0
27.0	CXCL10	0.429054054054
27.0	DPP4	0.429054054054
314.0	AMFR	0.0
7.0	VCP	0.0
17.0	FBXO11	0.177840957516
110.0	SIAH1	0.324324324324
202.0	SNTG1	0.0
223.0	SMAD3	0.364864864865
-1	PIN1	-1
519.0	CHUK	0.912162162162
519.0	MAP3K1	0.912162162162
518.0	VIP	0.912162162162
518.0	VIPR1	0.912162162162
201.0	COPZ2	0.243243243243
517.0	GIPR	0.0
517.0	GIP	0.0
50.0	DGKZ	0.228040540541
50.0	PRKCA	0.228040540541
516.0	UTRN	0.0
516.0	DRP2	0.0
515.0	PRIM2	0.0
515.0	POLA2	0.0
5.0	H1F0	0.357490777451
325.0	ITGAM	0.0
352.0	ICAM1	0.364864864865
514.0	GP1BA	0.0
514.0	VWF	0.0
124.0	FKBP8	0.0
124.0	EGLN1	0.0
62.0	IL1R1	0.0
62.0	MYD88	0.0
172.0	APP	0.0
172.0	LRP1	0.0
98.0	DCUN1D1	0.0
183.0	ZBTB16	0.756756756757
-1	PHC1	-1
179.0	CBX4	0.324324324324
5.0	CDC25B	0.357490777451
513.0	CASP2	0.0
513.0	MZB1	0.0
512.0	RLIM	0.0
370.0	E2F1	0.364864864865
41.0	MAPK14	0.531243243243
6.0	MED6	0.0
6.0	MED21	0.0
2.0	RPS2	0.0
86.0	COPS2	0.0
86.0	COPS6	0.0
511.0	SMARCC1	0.0
438.0	TRIM5	0.0
97.0	FFAR1	0.0
73.0	MAPK8IP2	0.356313344595
73.0	MAPK13	0.356313344595
22.0	NUP98	0.193130630631
190.0	GSK3A	0.0
473.0	PRKCB	0.0
510.0	MED4	0.0
510.0	MED12	0.0
509.0	INO80	0.547297297297
509.0	YY1	0.547297297297
10.0	EIF3D	0.152568358635
10.0	EIF3H	0.152568358635
71.0	IFNAR1	0.0
508.0	PTPRF	0.547297297297
508.0	BCAR1	0.547297297297
507.0	HMGB1	0.364864864865
507.0	TAF1	0.364864864865
378.0	SRC	0.364864864865
18.0	RNF25	0.23228206696
101.0	CDK3	0.228040540541
101.0	E2F2	0.228040540541
506.0	MAP4K1	0.0
506.0	ABL1	0.0
272.0	CASP3	0.0
3.0	DCAF4	0.0
505.0	PDE6D	0.547297297297
505.0	HRAS	0.547297297297
504.0	CASP10	0.547297297297
504.0	FAS	0.547297297297
30.0	PSMA6	0.0
503.0	ASB2	0.0
6.0	MED13	0.0
194.0	AP3B1	0.0
194.0	AP3D1	0.0
13.0	SPSB4	0.0
21.0	FBXO5	0.165540540541
21.0	CDC27	0.165540540541
158.0	HCFC1	0.0
158.0	ASH2L	0.0
31.0	RIPK2	0.0
31.0	NGFR	0.0
52.0	PLCG2	0.0
52.0	SYK	0.0
200.0	TUBA1A	0.0
174.0	FBXW8	0.0
174.0	RBX1	0.0
502.0	RAD21	0.0
502.0	PDS5B	0.0
501.0	CSF3R	0.0
501.0	CSF2	0.0
489.0	BTRC	0.364864864865
177.0	CDH2	0.324324324324
371.0	RAD50	0.0
100.0	ERCC2	0.356313344595
500.0	STX4	0.0
500.0	STXBP3	0.0
16.0	ZMYM2	0.104247104247
499.0	EIF4E	0.0
499.0	DDX3X	0.0
92.0	AURKB	0.356313344595
92.0	CENPA	0.356313344595
99.0	FZR1	0.0
40.0	STAT6	0.356108108108
40.0	NCOA1	0.356108108108
498.0	NUTF2	0.0
498.0	NUP62	0.0
13.0	TCEB3	0.0
73.0	MBP	0.356313344595
173.0	SMURF1	0.0
173.0	TGFBR1	0.0
24.0	STRN	0.0
497.0	NXF1	0.0
497.0	RAN	0.0
136.0	STUB1	0.0
496.0	FHL5	0.0
496.0	CREM	0.0
495.0	POU2AF1	0.0
495.0	SLC22A1	0.0
494.0	CFH	0.0
494.0	CFI	0.0
7.0	ASPSCR1	0.0
3.0	WDTC1	0.0
39.0	FAAP100	0.0
39.0	FANCA	0.0
493.0	RFX2	0.0
493.0	RFX1	0.0
62.0	IL1A	0.0
109.0	CUL2	0.0
7.0	ANKZF1	0.0
60.0	SNRPD3	0.0
60.0	CLNS1A	0.0
87.0	PIP5K1A	0.0
87.0	ARF1	0.0
1.0	PIAS2	0.508083823188
492.0	DOK1	0.0
492.0	TEC	0.0
491.0	CD3E	0.0
491.0	CD247	0.0
47.0	HAND1	0.0
47.0	HAND2	0.0
490.0	NMUR2	0.0
490.0	NMU	0.0
186.0	AKAP11	0.324324324324
186.0	GSK3B	0.324324324324
460.0	STAT3	0.364864864865
489.0	SNAI1	0.364864864865
488.0	ACTR8	0.0
488.0	RUVBL2	0.0
113.0	CSNK1E	0.0
113.0	MCC	0.0
487.0	MVB12A	0.0
487.0	CD2AP	0.0
7.0	VCPIP1	0.0
57.0	DCTN1	0.0
486.0	SHOC2	0.0
486.0	NRAS	0.0
6.0	MED23	0.0
152.0	CD47	0.0
152.0	SIRPA	0.0
485.0	HIST1H1A	0.547297297297
485.0	CCNA1	0.547297297297
484.0	CALCRL	0.0
484.0	RAMP2	0.0
149.0	UBE2L3	0.0
149.0	UBA1	0.0
122.0	ADRA2A	0.0
122.0	GNAO1	0.0
483.0	VPS4B	0.0
483.0	PDCD6IP	0.0
25.0	RASSF6	0.0
6.0	MED16	0.0
383.0	HDAC5	0.547297297297
4.0	PSMC6	0.0
482.0	CDC37	0.0
482.0	STK11	0.0
30.0	PSMA1	0.0
-1	DNMT1	-1
199.0	IL20RB	0.0
166.0	YWHAQ	0.0
109.0	LRR1	0.0
393.0	RNF2	0.0
189.0	RIN1	0.0
189.0	YWHAB	0.0
481.0	HIC1	0.0
481.0	CTBP2	0.0
17.0	FBXO31	0.177840957516
193.0	NUP107	0.0
193.0	SEC13	0.0
1.0	TUBA4A	0.508083823188
27.0	CXCL12	0.429054054054
13.0	SPSB1	0.0
78.0	COPG2	0.0
78.0	COPB2	0.0
13.0	ASB8	0.0
198.0	RNF8	0.0
233.0	ACIN1	0.0
3.0	DTL	0.0
49.0	DLL4	0.175135135135
465.0	PRPF6	0.0
86.0	COPS7A	0.0
480.0	ARHGEF7	0.0
480.0	SCRIB	0.0
55.0	TRIM25	0.0
197.0	PEF1	0.0
176.0	ACTR3	0.0
176.0	WASF2	0.0
67.0	NCOA2	0.823796452703
408.0	WDR61	0.0
2.0	RPS14	0.0
39.0	FANCM	0.0
39.0	FAAP24	0.0
91.0	LSM4	0.0
91.0	LSM2	0.0
479.0	HHIP	0.0
479.0	DHH	0.0
478.0	GABARAP	0.0
117.0	PCNA	0.0
345.0	POLA1	0.0
28.0	GNG5	0.0
28.0	GNB2	0.0
54.0	SETD7	0.228040540541
477.0	CAMKK2	0.0
477.0	CAMK4	0.0
91.0	LSM6	0.0
196.0	CDK7	0.0
156.0	CCNC	0.0
156.0	MED10	0.0
147.0	PML	0.324324324324
269.0	SMC3	0.0
43.0	POLR3A	0.0
37.0	MMP9	0.398140540541
37.0	PZP	0.398140540541
12.0	ERCC6	0.0
294.0	PRPF8	0.364864864865
344.0	CASP8	0.0
104.0	CUL3	0.0
430.0	SMARCA2	0.364864864865
34.0	SSRP1	0.0
411.0	NCK1	0.0
15.0	NCL	0.0
47.0	TCF3	0.0
21.0	CDH1	0.165540540541
476.0	WWP1	0.0
476.0	SMAD1	0.0
110.0	BAG1	0.324324324324
36.0	OCRL	0.0
90.0	NCAPD2	0.0
46.0	RPA1	0.210162162162
46.0	ATRIP	0.210162162162
-1	ACTR2	-1
44.0	TRIM32	0.0
171.0	HLA-E	0.0
171.0	CALR	0.0
2.0	RPS20	0.0
195.0	ERBB3	1.0
10.0	EIF3M	0.152568358635
475.0	TNFRSF8	0.0
475.0	TRAF5	0.0
194.0	AP3S1	0.0
75.0	UCHL5	0.0
114.0	PALB2	0.243243243243
35.0	IARS	0.0
26.0	THOC1	0.0
43.0	POLR3B	0.0
463.0	EIF2B3	0.0
474.0	ACTC1	0.547297297297
474.0	GC	0.547297297297
190.0	AXIN1	0.0
473.0	MARCKS	0.0
193.0	SEH1L	0.0
472.0	MED26	0.0
54.0	HIST3H3	0.228040540541
471.0	ATG12	0.0
471.0	ATG16L1	0.0
5.0	RBL2	0.357490777451
6.0	MED17	0.0
19.0	SUDS3	0.259857942074
98.0	ASB1	0.0
71.0	PTPRC	0.0
90.0	NCAPG	0.0
33.0	SART1	0.42732972973
33.0	SUMO1	0.42732972973
470.0	PSMD4	0.0
4.0	PSMD14	0.0
105.0	ASAP2	0.0
469.0	CAPZA1	0.0
469.0	CAPZB	0.0
2.0	RPS9	0.0
18.0	TRIM17	0.23228206696
129.0	LCK	0.0
67.0	NRIP1	0.823796452703
468.0	KCNJ4	0.0
468.0	CASK	0.0
5.0	LIN54	0.357490777451
23.0	SOX9	0.263513513514
467.0	POLH	0.0
467.0	POLI	0.0
65.0	RPL23A	0.228040540541
65.0	RPL19	0.228040540541
97.0	PTGIR	0.0
32.0	TNRC6A	0.0
32.0	AGO4	0.0
288.0	PARP1	0.0
3.0	TRPC4AP	0.0
466.0	FASLG	0.0
466.0	PSTPIP1	0.0
28.0	GNG10	0.0
47.0	TCF4	0.0
-1	STAT1	-1
115.0	MCM3	0.432432432432
465.0	SNRNP200	0.0
464.0	ROCK1	0.547297297297
464.0	LIMK1	0.547297297297
96.0	TAF13	0.0
96.0	TAF9	0.0
114.0	MORF4L1	0.243243243243
192.0	GOSR2	0.0
192.0	STX5	0.0
463.0	EIF2B2	0.0
95.0	APAF1	0.228040540541
462.0	CKS1B	0.547297297297
462.0	CDKN1B	0.547297297297
461.0	SPTAN1	0.0
461.0	PLEC	0.0
68.0	TAF6	0.0
95.0	PMAIP1	0.228040540541
460.0	FER	0.364864864865
459.0	INCENP	0.0
459.0	AURKA	0.0
29.0	TCP1	0.0
355.0	RNF4	0.0
37.0	CXCL8	0.398140540541
89.0	ITGB1BP2	0.228040540541
89.0	ITGB1	0.228040540541
150.0	STXBP2	0.0
150.0	STX2	0.0
74.0	FOS	0.538745777027
7.0	FAF2	0.0
286.0	PER2	0.0
72.0	MOB1B	0.0
72.0	LATS1	0.0
58.0	IRS2	0.356313344595
191.0	LBR	0.0
458.0	PIGT	0.0
458.0	GPAA1	0.0
457.0	SSTR2	0.364864864865
457.0	SHANK2	0.364864864865
456.0	EPHB2	0.0
456.0	PICK1	0.0
455.0	PAAF1	0.0
9.0	BCL6	0.0900900900901
30.0	PSMB10	0.0
8.0	FYN	0.0810810810811
8.0	MAPT	0.0810810810811
179.0	BMI1	0.324324324324
88.0	TAF3	0.0
33.0	SATB1	0.42732972973
391.0	XRCC5	0.547297297297
452.0	PROS1	0.364864864865
48.0	CDC42BPA	0.0
133.0	TEAD1	0.0
133.0	MEF2A	0.0
454.0	CRKL	0.547297297297
454.0	TGFB1I1	0.547297297297
80.0	IKBKE	0.467483108108
80.0	IKBKB	0.467483108108
185.0	MYB	0.324324324324
27.0	CXCL11	0.429054054054
453.0	MDH2	0.0
453.0	CS	0.0
452.0	F10	0.364864864865
82.0	ALK	0.285050675676
451.0	RLN3	0.0
450.0	PFN1	0.0
450.0	WASL	0.0
175.0	BMP4	0.243243243243
175.0	NOG	0.243243243243
2.0	RPS5	0.0
449.0	SMC1A	0.0
449.0	STAG1	0.0
28.0	GNG3	0.0
190.0	PRKCG	0.0
448.0	NFKB1	0.364864864865
448.0	HMGA1	0.364864864865
447.0	PIAS4	0.547297297297
447.0	SMAD4	0.547297297297
189.0	MARK3	0.0
446.0	RPS25	0.0
446.0	RPS17	0.0
188.0	VAMP3	0.0
188.0	STX3	0.0
26.0	ALYREF	0.0
187.0	ING3	0.0
4.0	PSMC2	0.0
445.0	USP22	0.0
139.0	CHAF1A	0.324324324324
444.0	ZKSCAN7	0.0
444.0	TCEANC	0.0
443.0	SNX9	0.0
443.0	SNX33	0.0
442.0	MED18	0.0
442.0	MED31	0.0
214.0	HSPA8	0.547297297297
208.0	HNRNPD	0.0
181.0	GOSR1	0.0
441.0	AIMP2	0.0
440.0	SRSF2	0.0
440.0	SREK1	0.0
186.0	AXIN2	0.324324324324
60.0	SNRPD2	0.0
439.0	SIRT1	0.364864864865
439.0	BRINP1	0.364864864865
-1	BTK	-1
438.0	TRIM6	0.0
75.0	INO80E	0.0
160.0	KPNA2	0.0
160.0	RAG1	0.0
437.0	SLC3A2	0.0
437.0	SLC7A11	0.0
72.0	HTRA2	0.0
436.0	PRKDC	0.0
436.0	ILF3	0.0
94.0	SNCA	0.410472972973
93.0	KLC1	0.356313344595
93.0	KIF5A	0.356313344595
435.0	ARPC3	0.0
276.0	PFDN5	0.0
180.0	PPP4R3A	0.0
180.0	PPP4C	0.0
434.0	TOMM20	0.0
434.0	PINK1	0.0
9.0	PGR	0.0900900900901
433.0	BMPR1B	0.912162162162
433.0	BMP6	0.912162162162
25.0	RASSF5	0.0
14.0	ITSN1	0.23228206696
13.0	SPSB2	0.0
432.0	SUZ12	0.0
432.0	EZH1	0.0
23.0	MEF2D	0.263513513514
431.0	FBXW5	0.0
431.0	CUL4A	0.0
144.0	KDR	0.432432432432
430.0	ARID1A	0.364864864865
429.0	KCNJ8	0.0
429.0	ABCC9	0.0
293.0	VPS35	0.0
271.0	VPS26A	0.0
428.0	PARK2	0.0
428.0	DNAJA1	0.0
417.0	KAT2B	0.547297297297
427.0	RALA	0.0
427.0	PLD1	0.0
185.0	AR	0.324324324324
185.0	MYBBP1A	0.324324324324
426.0	OS9	0.0
426.0	SEL1L	0.0
184.0	SFPQ	0.0
183.0	SFN	0.756756756757
79.0	TOPBP1	0.228040540541
178.0	PRKCZ	0.324324324324
425.0	PKN2	0.0
425.0	MAP3K2	0.0
94.0	USP9X	0.410472972973
8.0	SKAP2	0.0810810810811
5.0	CCNK	0.357490777451
4.0	PSMD10	0.0
182.0	UIMC1	0.0
424.0	PIK3R2	0.0
423.0	FADD	0.0
423.0	RIPK3	0.0
29.0	CCT7	0.0
422.0	BYSL	0.0
422.0	PNO1	0.0
421.0	ACTN2	0.547297297297
421.0	ACTN4	0.547297297297
46.0	TP53BP1	0.210162162162
338.0	TJP1	0.0
-1	CTTN	-1
-1	PCGF2	-1
420.0	MLLT3	0.0
181.0	NAPA	0.0
181.0	VAMP2	0.0
65.0	RPL35	0.228040540541
419.0	COL2A1	0.0
419.0	FN1	0.0
38.0	SF3B1	0.0
84.0	STAT5B	0.285050675676
93.0	MAP3K11	0.356313344595
418.0	ARAF	0.0
10.0	EIF3K	0.152568358635
417.0	BRCA2	0.547297297297
2.0	RPS11	0.0
416.0	TNF	0.364864864865
416.0	TRAF2	0.364864864865
48.0	ARHGAP32	0.0
154.0	POLR3C	0.0
154.0	POLR3F	0.0
415.0	NPR3	0.0
415.0	NPPB	0.0
28.0	GNG12	0.0
414.0	SART3	0.0
414.0	PRPF3	0.0
413.0	HDAC7	0.0
413.0	MEF2C	0.0
412.0	CKMT1A	0.0
412.0	VDAC1	0.0
45.0	SERPINB13	0.210162162162
45.0	CTSL	0.210162162162
360.0	CAMK2G	0.0
74.0	NTRK3	0.538745777027
180.0	TIPRL	0.0
2.0	RPS15	0.0
117.0	KIAA0101	0.0
42.0	PLAT	0.0
42.0	FGA	0.0
179.0	CBX2	0.324324324324
93.0	MAPK8IP1	0.356313344595
411.0	NCKAP1	0.0
410.0	RND3	0.364864864865
410.0	PLXNB1	0.364864864865
409.0	BORA	0.547297297297
409.0	PLK1	0.547297297297
408.0	CDC73	0.0
407.0	BECN1	0.0
407.0	ZWINT	0.0
406.0	TLN1	0.0
406.0	ITGB2	0.0
8.0	DLG4	0.0810810810811
92.0	CDCA8	0.356313344595
143.0	CREBBP	0.243243243243
5.0	CDT1	0.357490777451
405.0	TMED10	0.0
405.0	TMED9	0.0
92.0	NPM1	0.356313344595
178.0	HNRNPA2B1	0.324324324324
404.0	PAFAH1B1	0.0
404.0	NUDC	0.0
144.0	NRP1	0.432432432432
403.0	TRAF1	0.0
403.0	TICAM1	0.0
63.0	PRDX1	0.467483108108
91.0	LSM3	0.0
48.0	CDC42EP5	0.0
22.0	PTHLH	0.193130630631
402.0	ATF1	0.547297297297
402.0	CREB1	0.547297297297
70.0	PSMD1	0.0
401.0	GNAI1	0.0
401.0	RGS19	0.0
400.0	CHRNB4	0.0
400.0	CHRNA3	0.0
385.0	AP1M1	0.0
87.0	CYTH1	0.0
56.0	TRIM24	0.228040540541
89.0	CD81	0.228040540541
399.0	IL2RG	0.0
399.0	IL15RA	0.0
22.0	RANBP2	0.193130630631
29.0	CCT2	0.0
321.0	HSP90AB1	0.547297297297
90.0	SMC2	0.0
45.0	CTSB	0.210162162162
45.0	CST7	0.210162162162
89.0	CD19	0.228040540541
8.0	GRIN2A	0.0810810810811
398.0	CTSS	0.547297297297
398.0	CST3	0.547297297297
82.0	JAK3	0.285050675676
82.0	CD40	0.285050675676
397.0	NUMB	0.0
397.0	LNX2	0.0
396.0	DRD1	0.0
396.0	FLNA	0.0
395.0	ABCA1	0.0
395.0	SNTA1	0.0
153.0	RASA1	0.0
394.0	RAD18	0.0
394.0	HLTF	0.0
393.0	USP7	0.0
392.0	TAF11	0.0
392.0	TAF12	0.0
85.0	PRMT5	0.0
66.0	PPP6R1	0.0
247.0	SUMO2	0.0
267.0	ITGA4	0.0
20.0	MAP3K3	0.0
145.0	VAV1	0.0
145.0	CBLB	0.0
9.0	KLF11	0.0900900900901
-1	NEDD4	-1
26.0	THOC5	0.0
391.0	TERT	0.547297297297
41.0	CCND2	0.531243243243
177.0	CDH3	0.324324324324
40.0	JUN	0.356108108108
390.0	RHOT1	0.0
390.0	TRAK1	0.0
126.0	SLX4	0.324324324324
126.0	ERCC1	0.324324324324
9.0	KLF16	0.0900900900901
389.0	PRLHR	0.0
389.0	PRLH	0.0
388.0	NPPC	0.0
388.0	NPR2	0.0
78.0	COPA	0.0
35.0	AIMP1	0.0
55.0	DDX58	0.0
387.0	KLK3	0.912162162162
387.0	IGFBP3	0.912162162162
386.0	ROM1	0.0
386.0	PRPH2	0.0
77.0	A2M	0.182432432432
77.0	IL1B	0.182432432432
69.0	MSH6	0.285050675676
69.0	MLH1	0.285050675676
385.0	AP1G1	0.0
384.0	MAP1LC3A	0.0
384.0	ATG3	0.0
176.0	ARPC5	0.0
88.0	TAF4	0.0
166.0	KRT18	0.0
142.0	DNMT3A	0.675675675676
54.0	CBX5	0.228040540541
128.0	RAB7A	0.0
128.0	RAB5A	0.0
383.0	PRKD1	0.547297297297
3.0	DCAF1	0.0
76.0	PNN	0.0
175.0	BMP8B	0.243243243243
7.0	UBXN4	0.0
174.0	FBXW7	0.0
55.0	IRF3	0.0
382.0	KEL	0.0
382.0	XK	0.0
381.0	CASQ2	0.0
381.0	TRDN	0.0
380.0	RNF40	0.0
380.0	RNF20	0.0
70.0	PSMD3	0.0
15.0	GNL3	0.0
379.0	NFKB2	0.0
5.0	MYBL2	0.357490777451
141.0	IGBP1	0.0
141.0	MID2	0.0
28.0	GNG7	0.0
378.0	CBLC	0.364864864865
7.0	NPLOC4	0.0
377.0	CDK5RAP3	0.547297297297
377.0	CDK5R1	0.547297297297
107.0	NHP2	0.0
107.0	DKC1	0.0
143.0	CDX2	0.243243243243
142.0	UHRF1	0.675675675676
69.0	MSH2	0.285050675676
163.0	POLR2E	0.0
163.0	POLR1A	0.0
129.0	FCGR3A	0.0
173.0	TGFBRAP1	0.0
376.0	CD48	0.0
376.0	CD244	0.0
375.0	ICAM3	0.0
375.0	CD209	0.0
374.0	DIABLO	0.0
374.0	BIRC7	0.0
373.0	SNRPE	0.0
373.0	SNRPB	0.0
138.0	NCOA6	0.0
138.0	RBBP5	0.0
172.0	CTSD	0.0
372.0	POLR1E	0.0
372.0	POLR1B	0.0
167.0	TNFRSF4	0.0
167.0	TNFSF4	0.0
371.0	TERF2IP	0.0
365.0	F8	0.0
171.0	KLRC2	0.0
170.0	RPLP2	0.0
370.0	CCNE1	0.364864864865
87.0	ARHGAP21	0.0
21.0	CDC26	0.165540540541
369.0	CRHR2	0.0
369.0	UCN	0.0
351.0	VIM	0.364864864865
86.0	COPS4	0.0
368.0	C5	0.0
368.0	C2	0.0
151.0	CD8B	0.0
151.0	CD8A	0.0
8.0	NPHS1	0.0810810810811
367.0	LPL	0.0
367.0	APOC2	0.0
47.0	TAL1	0.0
169.0	PLRG1	0.0
366.0	BMPR1A	0.0
366.0	GDF9	0.0
365.0	F9	0.0
112.0	ADRB2	0.0
112.0	AKAP12	0.0
364.0	GLP1R	0.0
364.0	GCG	0.0
363.0	PSEN2	0.0
362.0	EXOC3	0.0
362.0	EXOC4	0.0
361.0	RHO	0.0
361.0	GRK1	0.0
146.0	CRAT	0.0
146.0	PEX5	0.0
85.0	KDM4A	0.0
3.0	DCAF11	0.0
19.0	HMG20B	0.259857942074
35.0	DARS	0.0
130.0	AP1B1	0.0
84.0	IFNGR1	0.285050675676
307.0	GEMIN6	0.0
83.0	EIF2B1	0.0
360.0	CABP2	0.0
359.0	ARRB1	0.0
359.0	MAPK10	0.0
358.0	ITGB3	0.912162162162
358.0	ITGA5	0.912162162162
357.0	UNC13B	0.0
357.0	DOC2B	0.0
168.0	LAS1L	0.243243243243
167.0	TRAF3	0.0
130.0	AP2M1	0.0
356.0	LMNB1	0.0
356.0	CASP6	0.0
19.0	PEX14	0.259857942074
355.0	UBE2W	0.0
105.0	ARF6	0.0
354.0	TNFRSF1B	0.0
58.0	VIL1	0.356313344595
166.0	MPRIP	0.0
353.0	SLC9A3R2	0.0
353.0	SGK1	0.0
40.0	THRA	0.356108108108
352.0	MSN	0.364864864865
165.0	GABARAPL2	0.0
164.0	RPA2	0.0
8.0	GRIN2B	0.0810810810811
18.0	CHFR	0.23228206696
82.0	IL7R	0.285050675676
163.0	POLR2B	0.0
351.0	CASP9	0.364864864865
162.0	ERBIN	0.243243243243
27.0	CCL11	0.429054054054
161.0	XRCC6	0.243243243243
13.0	SOCS2	0.0
33.0	TOPORS	0.42732972973
160.0	CSE1L	0.0
350.0	FNBP1	0.0
350.0	WAS	0.0
349.0	PIH1D1	0.0
349.0	RPAP3	0.0
348.0	VAMP7	0.0
348.0	STX7	0.0
347.0	BAP1	0.0
347.0	FOXK1	0.0
46.0	RNF168	0.210162162162
81.0	DCN	0.182432432432
81.0	THBS1	0.182432432432
346.0	EDA2R	0.0
346.0	EDA	0.0
345.0	PRIM1	0.0
46.0	ATR	0.210162162162
16.0	IKZF1	0.104247104247
116.0	COL8A1	0.432432432432
116.0	ITGA1	0.432432432432
159.0	UBA3	0.0
106.0	IKBKG	0.0
106.0	MALT1	0.0
127.0	GTF2A1L	0.0
127.0	GTF2A2	0.0
80.0	MYL12A	0.467483108108
79.0	MRE11A	0.228040540541
344.0	TRADD	0.0
158.0	WDR5	0.0
157.0	NCF2	0.0
343.0	ERBB2	0.912162162162
343.0	ACPP	0.912162162162
236.0	MED15	0.547297297297
342.0	CCL2	0.364864864865
342.0	ACKR2	0.364864864865
17.0	CDC25A	0.177840957516
263.0	SPOP	0.0
341.0	ETV1	0.547297297297
9.0	ING2	0.0900900900901
18.0	RNF111	0.23228206696
156.0	MED29	0.0
340.0	PLAU	0.912162162162
340.0	PLG	0.912162162162
78.0	COPZ1	0.0
339.0	PSMB9	0.0
339.0	POMP	0.0
155.0	MET	0.675675675676
338.0	GJC1	0.0
140.0	POLE2	0.0
140.0	POLE	0.0
337.0	TUBA3C	0.0
154.0	POLR3G	0.0
20.0	RCN2	0.0
45.0	CSTB	0.210162162162
3.0	DCAF5	0.0
336.0	WDR48	0.0
336.0	USP1	0.0
12.0	CTCF	0.0
335.0	ZBTB32	0.0
335.0	FANCC	0.0
334.0	MED28	0.0
334.0	MED9	0.0
333.0	TRIM28	0.0
333.0	ZNF350	0.0
332.0	UBA2	0.0
332.0	SUMO3	0.0
331.0	GRIK2	0.0
331.0	GRIK4	0.0
2.0	RPS23	0.0
330.0	PLA2G10	0.0
330.0	PLA2R1	0.0
134.0	GATAD2A	0.0
329.0	TBL1XR1	0.0
17.0	GPS1	0.177840957516
328.0	S100A4	0.0
328.0	MYH9	0.0
327.0	IPO4	0.0
327.0	ASF1B	0.0
153.0	MS4A2	0.0
75.0	TFPT	0.0
326.0	ATP6V0A1	0.0
326.0	ATP6V1B1	0.0
6.0	MED24	0.0
44.0	ZNRF1	0.0
325.0	C3	0.0
3.0	DCAF6	0.0
64.0	GNG11	0.0
324.0	NME2	0.0
324.0	NME1	0.0
5.0	NPAT	0.357490777451
15.0	CSNK1D	0.0
152.0	RHAG	0.0
151.0	HLA-G	0.0
59.0	PAN2	0.0
59.0	PABPC1	0.0
150.0	STX1A	0.0
137.0	RFC3	0.0
137.0	CHTF18	0.0
323.0	EPB42	0.0
323.0	STX12	0.0
149.0	SMURF2	0.0
322.0	MBD2	0.0
322.0	MTA2	0.0
321.0	AKT2	0.547297297297
148.0	F5	0.0
320.0	CACNA1S	0.0
320.0	RYR1	0.0
147.0	SLC2A1	0.324324324324
319.0	ELP2	0.0
319.0	ELP3	0.0
146.0	ECI2	0.0
318.0	NAA15	0.0
318.0	HYPK	0.0
317.0	TNR	0.0
317.0	CNTN1	0.0
36.0	CLTA	0.0
235.0	KAT2A	0.0
316.0	CCNB1	0.364864864865
316.0	CKS2	0.364864864865
315.0	MUSK	0.0
315.0	RAPSN	0.0
7.0	UBXN1	0.0
77.0	CELA1	0.182432432432
77.0	SERPINA3	0.182432432432
145.0	ZAP70	0.0
144.0	FLT4	0.432432432432
143.0	KMT2A	0.243243243243
12.0	POLR2I	0.0
314.0	HERPUD1	0.0
313.0	DTNA	0.0
313.0	SNTB1	0.0
312.0	HSPA5	0.364864864865
312.0	PPIB	0.364864864865
311.0	GHRL	0.364864864865
311.0	GHSR	0.364864864865
310.0	FKBP4	0.0
310.0	GLMN	0.0
309.0	NOP58	0.0
309.0	NOP56	0.0
43.0	POLR1D	0.0
308.0	GCLC	0.0
308.0	GCLM	0.0
67.0	PPARG	0.823796452703
38.0	SNRPA1	0.0
307.0	GEMIN2	0.0
64.0	GNGT2	0.0
142.0	PIAS1	0.675675675676
141.0	UBE2D4	0.0
59.0	HNRNPK	0.0
140.0	POLE3	0.0
306.0	FLT3LG	0.0
306.0	FLT3	0.0
2.0	RPL12	0.0
12.0	GTF2B	0.0
14.0	SPRY1	0.23228206696
305.0	CD79A	0.0
305.0	PIGR	0.0
304.0	DOK3	0.0
304.0	INPP5D	0.0
139.0	EED	0.324324324324
104.0	KLHL12	0.0
303.0	BCL3	0.0
303.0	RAB9A	0.0
131.0	LRP2	0.0
131.0	ALB	0.0
15.0	RPL23	0.0
302.0	CD93	0.0
302.0	F12	0.0
76.0	MDM4	0.0
301.0	HNF1A	0.364864864865
5.0	CDC6	0.357490777451
15.0	RPS7	0.0
42.0	FGB	0.0
14.0	UBASH3B	0.23228206696
75.0	NFRKB	0.0
300.0	MAP2K4	0.0
300.0	MAP3K5	0.0
74.0	SREBF2	0.538745777027
18.0	RCHY1	0.23228206696
73.0	MAPK8	0.356313344595
299.0	CYB5R3	0.0
299.0	CYB5A	0.0
298.0	UBE2G2	0.0
298.0	AUP1	0.0
297.0	MGRN1	0.0
297.0	TSG101	0.0
138.0	PAXIP1	0.0
34.0	UBB	0.0
137.0	RFC2	0.0
296.0	MFAP2	0.0
296.0	ELN	0.0
295.0	PLA2G2A	0.547297297297
295.0	VCAN	0.547297297297
72.0	MOB1A	0.0
24.0	MOB4	0.0
132.0	NCAM1	0.0
132.0	L1CAM	0.0
294.0	EFTUD2	0.364864864865
31.0	TRIP6	0.0
31.0	PTPN13	0.0
293.0	SNX2	0.0
136.0	BAG3	0.0
135.0	PFDN6	0.0
292.0	CIAO1	0.0
292.0	MMS19	0.0
255.0	CBX8	0.0
291.0	CRIPT	0.0
291.0	DLG2	0.0
290.0	KCNJ12	0.0
289.0	HTT	0.0
289.0	CBS	0.0
134.0	GATAD2B	0.0
25.0	RASSF2	0.0
133.0	MYOD1	0.0
288.0	CHD1L	0.0
287.0	CETN2	0.0
287.0	RAD23B	0.0
71.0	CD300LF	0.0
286.0	PER1	0.0
1.0	RELA	0.508083823188
285.0	XCR1	0.0
285.0	XCL1	0.0
70.0	SHFM1	0.0
123.0	MUC1	0.243243243243
123.0	GALNT2	0.243243243243
63.0	LGALS3	0.467483108108
132.0	ST8SIA4	0.0
284.0	TTI1	0.0
8.0	ITK	0.0810810810811
283.0	PRKAA2	0.0
283.0	PRKAB2	0.0
282.0	HEXIM2	0.0
281.0	RPTOR	0.0
281.0	RPS6KB1	0.0
280.0	BBS1	0.0
279.0	WRN	0.364864864865
278.0	YWHAH	0.0
278.0	MARK2	0.0
277.0	STIM1	0.0
277.0	ORAI1	0.0
69.0	BRIP1	0.285050675676
119.0	FCGR2A	0.243243243243
131.0	CUBN	0.0
68.0	TCEA1	0.0
41.0	ARID4A	0.531243243243
276.0	PFDN1	0.0
67.0	CARM1	0.823796452703
8.0	PTK2	0.0810810810811
12.0	GTF2F2	0.0
130.0	ARRB2	0.0
275.0	MYO7A	0.0
275.0	MYRIP	0.0
274.0	PSMG1	0.0
274.0	PSMG2	0.0
129.0	SH2D2A	0.0
273.0	HOXB6	0.0
273.0	PKNOX1	0.0
272.0	EIF4B	0.0
271.0	VPS29	0.0
16.0	SAP30	0.104247104247
270.0	GAB3	0.0
270.0	GRAP2	0.0
269.0	STAG2	0.0
248.0	CLTB	0.547297297297
268.0	ITCH	0.0
268.0	SPG20	0.0
128.0	RBSN	0.0
127.0	TERF2	0.0
267.0	MADCAM1	0.0
229.0	TONSL	0.0
266.0	SMAD2	0.0
266.0	TRIM33	0.0
1.0	GTF2I	0.508083823188
27.0	CXCL9	0.429054054054
126.0	EME1	0.324324324324
125.0	JAM2	0.0
265.0	NOS3	0.364864864865
265.0	BDKRB2	0.364864864865
264.0	MAP1A	0.0
264.0	MAP1B	0.0
40.0	PPARGC1A	0.356108108108
3.0	DCAF8	0.0
263.0	DAXX	0.0
124.0	PPP3CA	0.0
262.0	CAPG	0.0
66.0	PPP6R2	0.0
261.0	AMOT	0.0
261.0	NF2	0.0
123.0	GALNT1	0.243243243243
17.0	UBE2M	0.177840957516
260.0	TRAT1	0.547297297297
260.0	PIK3R1	0.547297297297
259.0	CR1	0.0
259.0	C4A	0.0
220.0	C4B	0.0
26.0	THOC3	0.0
258.0	HSPG2	0.364864864865
258.0	NID1	0.364864864865
37.0	CD44	0.398140540541
122.0	RGS16	0.0
39.0	TOP3A	0.0
121.0	AP2A2	0.0
25.0	RASSF4	0.0
257.0	MLLT1	0.0
257.0	DOT1L	0.0
256.0	EXOSC4	0.0
256.0	EXOSC5	0.0
255.0	PHC2	0.0
254.0	PPP2R5A	0.0
254.0	PPP2R1B	0.0
253.0	KNL1	0.0
253.0	BUB1	0.0
53.0	GTF3C2	0.0
53.0	GTF3C4	0.0
65.0	RPL24	0.228040540541
21.0	ANAPC10	0.165540540541
252.0	EYA3	0.0
252.0	SIX4	0.0
120.0	CPSF6	0.0
251.0	KCNJ3	0.0
251.0	KCNJ6	0.0
38.0	SF3A3	0.0
250.0	RMI2	0.0
250.0	RMI1	0.0
64.0	GNAI2	0.0
50.0	ADCY5	0.228040540541
63.0	ZPR1	0.467483108108
249.0	HCK	0.0
249.0	SOS1	0.0
37.0	TIMP1	0.398140540541
248.0	HIP1	0.547297297297
62.0	IRAK1	0.0
119.0	PLSCR1	0.243243243243
247.0	EEF1G	0.0
246.0	RNF19A	0.547297297297
246.0	SOD1	0.547297297297
118.0	COPS5	0.0
118.0	COPS7B	0.0
245.0	SELPLG	0.0
245.0	SELE	0.0
36.0	GGA2	0.0
32.0	AGO2	0.0
117.0	KMT5A	0.0
23.0	SP1	0.263513513514
244.0	IL12B	0.0
244.0	IL12RB1	0.0
23.0	GATA2	0.263513513514
35.0	KARS	0.0
61.0	LEO1	0.0
243.0	SMC6	0.0
243.0	SMC5	0.0
20.0	NUMBL	0.0
34.0	PPM1D	0.0
60.0	SNRPD1	0.0
24.0	STRN4	0.0
116.0	ITGA2	0.432432432432
242.0	RXFP2	0.364864864865
241.0	SGO1	0.0
241.0	PPP2R5D	0.0
115.0	MCM2	0.432432432432
240.0	OSGEP	0.0
240.0	TPRKB	0.0
1.0	TP73	0.508083823188
24.0	SLMAP	0.0
23.0	NFYB	0.263513513514
239.0	PDCD10	0.0
239.0	STK26	0.0
22.0	RANBP1	0.193130630631
238.0	FZD8	0.0
238.0	LRP6	0.0
237.0	KNG1	0.547297297297
237.0	CAPN1	0.547297297297
236.0	SREBF1	0.547297297297
53.0	GTF3C5	0.0
59.0	UPF1	0.0
14.0	RAPGEF1	0.23228206696
235.0	ATXN7	0.0
12.0	RECQL5	0.0
52.0	CD79B	0.0
58.0	EPOR	0.356313344595
234.0	ATF2	0.0
234.0	JDP2	0.0
16.0	CIITA	0.104247104247
114.0	RAD51	0.243243243243
233.0	SAP18	0.0
57.0	DCTN4	0.0
232.0	UBE4B	0.0
209.0	BUB1B	0.0
231.0	STRA13	0.0
231.0	APITD1	0.0
15.0	RPL26	0.0
230.0	SNRNP70	0.0
230.0	SRPK2	0.0
21.0	PTTG1	0.165540540541
56.0	ASXL1	0.228040540541
113.0	FAM110A	0.0
112.0	ARRDC3	0.0
20.0	UBA52	0.0
33.0	PARK7	0.42732972973
55.0	ISG15	0.0
229.0	MMS22L	0.0
51.0	PPP1CA	0.0
51.0	SH3RF2	0.0
228.0	PXMP2	0.0
228.0	PEX19	0.0
227.0	TOR1A	0.0
227.0	TOR1AIP1	0.0
226.0	NSMCE1	0.0
226.0	NSMCE3	0.0
225.0	TNRC6C	0.0
225.0	CNOT1	0.0
14.0	EPHA2	0.23228206696
224.0	LDHA	0.0
224.0	LDHB	0.0
223.0	NEDD4L	0.364864864865
222.0	PTPN2	0.0
221.0	EIF2S1	0.0
221.0	EIF2AK3	0.0
220.0	C4BPA	0.0
111.0	PCGF6	0.243243243243
54.0	CBX1	0.228040540541
12.0	ACTB	0.0
219.0	ODC1	0.0
219.0	OAZ1	0.0
218.0	SLC8A1	0.0
218.0	ANK2	0.0
103.0	LRRK2	0.0
103.0	DNM1L	0.0
53.0	GTF3C1	0.0
110.0	PUF60	0.324324324324
51.0	PPP1R9A	0.0
52.0	SLC4A1	0.0
109.0	UBXN7	0.0
7.0	FAF1	0.0
217.0	SPC24	0.0
217.0	SPC25	0.0
108.0	NFE2L1	0.0
51.0	RRP1B	0.0
216.0	SHARPIN	0.0
216.0	RBCK1	0.0
215.0	ASGR1	0.0
215.0	ASGR2	0.0
214.0	SGTA	0.547297297297
50.0	SDC4	0.228040540541
213.0	BUB3	0.0
213.0	ZNF207	0.0
107.0	NAF1	0.0
212.0	HNRNPA1	0.364864864865
212.0	HNRNPH3	0.364864864865
106.0	RNF31	0.0
105.0	GGA3	0.0
211.0	FOXP3	0.0
211.0	NFATC1	0.0
32.0	AGO1	0.0
210.0	UBE2C	0.0
210.0	ANAPC11	0.0
209.0	MAD2L1BP	0.0
104.0	KLHL3	0.0
32.0	AGO3	0.0
208.0	PTBP1	0.0
103.0	MAP2K3	0.0
207.0	SRSF1	0.0
207.0	EIF4A3	0.0
31.0	RAPGEF6	0.0
206.0	CCP110	0.0
206.0	NEURL4	0.0
20.0	UBE2V1	0.0
102.0	TPM3	0.0
205.0	ITGA6	0.0
205.0	COL17A1	0.0
204.0	GTF2H2	0.0
204.0	GTF2H4	0.0
